username,password,email,keyword
mockuser001,pass001,mockuser001@example.com,mock
mockuser002,pass002,mockuser002@example.com,phone
mockuser003,pass003,mockuser003@example.com,laptop
mockuser004,pass004,mockuser004@example.com,audio
mockuser005,pass005,mockuser005@example.com,home
mockuser006,pass006,mockuser006@example.com,sport
mockuser007,pass007,mockuser007@example.com,mock
mockuser008,pass008,mockuser008@example.com,phone
mockuser009,pass009,mockuser009@example.com,laptop
mockuser010,pass010,mockuser010@example.com,audio
mockuser011,pass011,mockuser011@example.com,home
mockuser012,pass012,mockuser012@example.com,sport
mockuser013,pass013,mockuser013@example.com,mock
mockuser014,pass014,mockuser014@example.com,phone
mockuser015,pass015,mockuser015@example.com,laptop
mockuser016,pass016,mockuser016@example.com,audio
mockuser017,pass017,mockuser017@example.com,home
mockuser018,pass018,mockuser018@example.com,sport
mockuser019,pass019,mockuser019@example.com,mock
mockuser020,pass020,mockuser020@example.com,phone
mockuser021,pass021,mockuser021@example.com,laptop
mockuser022,pass022,mockuser022@example.com,audio
mockuser023,pass023,mockuser023@example.com,home
mockuser024,pass024,mockuser024@example.com,sport
mockuser025,pass025,mockuser025@example.com,mock
mockuser026,pass026,mockuser026@example.com,phone
mockuser027,pass027,mockuser027@example.com,laptop
mockuser028,pass028,mockuser028@example.com,audio
mockuser029,pass029,mockuser029@example.com,home
mockuser030,pass030,mockuser030@example.com,sport
mockuser031,pass031,mockuser031@example.com,mock
mockuser032,pass032,mockuser032@example.com,phone
mockuser033,pass033,mockuser033@example.com,laptop
mockuser034,pass034,mockuser034@example.com,audio
mockuser035,pass035,mockuser035@example.com,home
mockuser036,pass036,mockuser036@example.com,sport
mockuser037,pass037,mockuser037@example.com,mock
mockuser038,pass038,mockuser038@example.com,phone
mockuser039,pass039,mockuser039@example.com,laptop
mockuser040,pass040,mockuser040@example.com,audio
mockuser041,pass041,mockuser041@example.com,home
mockuser042,pass042,mockuser042@example.com,sport
mockuser043,pass043,mockuser043@example.com,mock
mockuser044,pass044,mockuser044@example.com,phone
mockuser045,pass045,mockuser045@example.com,laptop
mockuser046,pass046,mockuser046@example.com,audio
mockuser047,pass047,mockuser047@example.com,home
mockuser048,pass048,mockuser048@example.com,sport
mockuser049,pass049,mockuser049@example.com,mock
mockuser050,pass050,mockuser050@example.com,phone
mockuser051,pass051,mockuser051@example.com,laptop
mockuser052,pass052,mockuser052@example.com,audio
mockuser053,pass053,mockuser053@example.com,home
mockuser054,pass054,mockuser054@example.com,sport
mockuser055,pass055,mockuser055@example.com,mock
mockuser056,pass056,mockuser056@example.com,phone
mockuser057,pass057,mockuser057@example.com,laptop
mockuser058,pass058,mockuser058@example.com,audio
mockuser059,pass059,mockuser059@example.com,home
mockuser060,pass060,mockuser060@example.com,sport
